ga_ls5t_ard_3,baseline/ga_ls5t_ard_3
ga_ls7e_ard_3,baseline/ga_ls7e_ard_3
ga_ls7e_ard_provisional_3,baseline/ga_ls7e_ard_provisional_3
ga_ls8c_ard_3,baseline/ga_ls8c_ard_3
ga_ls8c_ard_provisional_3,baseline/ga_ls8c_ard_provisional_3
ga_ls_tcw_percentiles_2,derivative/ga_ls_tcw_percentiles_2
ga_s2_ba_provisional_3,derivative/ga_s2_ba_provisional_3
ga_s2am_ard_provisional_3,baseline/ga_s2am_ard_provisional_3
ga_s2bm_ard_provisional_3,baseline/ga_s2bm_ard_provisional_3
ga_srtm_dem1sv1_0,projects/elevation/ga_srtm_dem1sv1_0
ga_ls_wo_3,derivative/ga_ls_wo_3
wofs_albers,WOfS/WOFLs/v2.1.5
wofs_annual_summary,WOfS/annual_summary/v2.1.5
wofs_apr_oct_summary,WOfS/apr_oct_summary/v2.1.5
wofs_filtered_summary,WOfS/filtered_summary/v2.1.0
wofs_nov_mar_summary,WOfS/nov_mar_summary/v2.1.5
wofs_summary,WOfS/summary/v2.1.0
fc_percentile_albers_annual,fractional-cover/fc-percentile/annual/v2.2.0
fc_percentile_albers_seasonal,fractional-cover/fc-percentile/seasonal/v2.2.0
ga_ls_fc_3,derivative/ga_ls_fc_3
ls5_fc_albers,fractional-cover/fc/v2.2.1/ls5
ls7_fc_albers,fractional-cover/fc/v2.2.1/ls7
ls8_fc_albers,fractional-cover/fc/v2.2.1/ls8
s2_barest_earth,bare-earth/summary/s2_barest_earth
s2a_ard_granule,baseline/s2a_ard_granule
s2b_ard_granule,baseline/s2b_ard_granule
s2b_nrt_granule,L2/sentinel-2-nrt/S2MSIARD
high_tide_comp_20p,hltc/v2.0.0/composite/high-tide
item_v2,item_v2/v2.0.1/relative
item_v2_conf,item_v2/v2.0.1/confidence
low_tide_comp_20p,hltc/v2.0.0/composite/low-tide
ls5_nbart_geomedian_annual,geomedian-australia/v2.1.0/L5
ls7_nbart_geomedian_annual,geomedian-australia/v2.1.0/L7
ls8_nbart_geomedian_annual,geomedian-australia/v2.1.0/L8
ls5_nbart_tmad_annual,tmad-annual/ls5/x_9
ls7_nbart_tmad_annual,tmad-annual/ls7
ls8_nbart_tmad_annual,tmad-annual/ls8
geodata_coast_100k,projects/geodata_coast_100k/v2004
landsat_barest_earth,bare-earth/summary/v2.1.2/combined
ls8_barest_earth_albers,bare-earth/summary/v2.1.1/L8
mangrove_cover,mangrove_cover/v2.0.2
multi_scale_topographic_position,multi-scale-topographic-position/v1.0.1
nidem,nidem/v1.0.0
s1_gamma0_geotif_scene,odc-conf/sentinel_examples/Sentinel-1/C-SAR/GRD/2017
water_bodies,projects/WaterBodies
weathering_intensity,weathering-intensity/v1.0.1
